<?xml version="1.0" encoding="UTF-8"?>
<project-private xmlns="http://www.netbeans.org/ns/project-private/1">
    <editor-bookmarks xmlns="http://www.netbeans.org/ns/editor-bookmarks/2" lastBookmarkId="0"/>
    <open-files xmlns="http://www.netbeans.org/ns/projectui-open-files/2">
        <group>
            <file>file:/D:/study_documents/Operating%20system/exersises%20&amp;%20projects/projects/Maze_Battle_Project/Maze%20Battle%20Game/src/SocketControl/Server.java</file>
            <file>file:/D:/study_documents/Operating%20system/exersises%20&amp;%20projects/projects/Maze_Battle_Project/Maze%20Battle%20Game/src/Interface/MainInterface.java</file>
            <file>file:/D:/study_documents/Operating%20system/exersises%20&amp;%20projects/projects/Maze_Battle_Project/Maze%20Battle%20Game/src/functionality/Map.java</file>
            <file>file:/D:/study_documents/Operating%20system/exersises%20&amp;%20projects/projects/Maze_Battle_Project/Maze%20Battle%20Game/src/Interface/Dialog.java</file>
            <file>file:/D:/study_documents/Operating%20system/exersises%20&amp;%20projects/projects/Maze_Battle_Project/Maze%20Battle%20Game/src/thread/GettingMessageFromServerThread.java</file>
            <file>file:/D:/study_documents/Operating%20system/exersises%20&amp;%20projects/projects/Maze_Battle_Project/Maze%20Battle%20Game/src/thread/PlayerThread.java</file>
        </group>
    </open-files>
</project-private>
